person_age,person_income,person_emp_exp,loan_amnt,loan_int_rate,loan_percent_income,cb_person_cred_hist_length,credit_score,person_gender,person_education,person_home_ownership,loan_intent,previous_loan_defaults_on_file,loan_status
54.0,79316.0,16,8609.0,10.86,0.11,12.0,516,male,High School,OWN,DEBTCONSOLIDATION,No,0
45.0,51750.0,11,14238.0,19.43,0.28,6.0,619,male,Master,OTHER,EDUCATION,No,1
40.0,69609.0,9,28284.0,8.29,0.41,3.0,640,female,High School,RENT,PERSONAL,Yes,0
31.0,31873.0,4,18379.0,7.24,0.58,10.0,460,male,Doctorate,OTHER,MEDICAL,Yes,0
33.0,90803.0,5,23365.0,10.27,0.26,9.0,536,male,Associate,OWN,PERSONAL,No,0
22.0,109276.0,0,1820.0,15.0,0.02,16.0,723,female,Associate,MORTGAGE,PERSONAL,Yes,0
23.0,82334.0,0,3881.0,9.77,0.05,15.0,450,female,High School,OTHER,HOMEIMPROVEMENT,No,0
21.0,79156.0,0,10854.0,15.88,0.14,6.0,537,male,Doctorate,OTHER,PERSONAL,No,0
27.0,9080.0,2,1152.0,15.73,0.13,12.0,553,male,High School,RENT,DEBTCONSOLIDATION,No,0
52.0,68208.0,15,1006.0,12.13,0.01,13.0,743,male,Associate,MORTGAGE,DEBTCONSOLIDATION,No,0
46.0,59117.0,12,18017.0,17.69,0.3,11.0,618,male,Master,RENT,PERSONAL,No,0
56.0,55630.0,17,14993.0,10.53,0.27,8.0,707,male,High School,MORTGAGE,MEDICAL,Yes,0
40.0,43683.0,9,14535.0,14.72,0.33,10.0,757,female,Doctorate,OWN,HOMEIMPROVEMENT,Yes,0
44.0,61555.0,11,18632.0,13.56,0.3,8.0,689,male,Master,RENT,DEBTCONSOLIDATION,No,1
58.0,73575.0,18,24839.0,7.0,0.34,2.0,481,male,Doctorate,RENT,HOMEIMPROVEMENT,No,0
49.0,52476.0,13,3696.0,10.86,0.07,14.0,406,male,Associate,RENT,DEBTCONSOLIDATION,No,1
45.0,47493.0,11,22940.0,13.88,0.48,16.0,638,male,Associate,OTHER,PERSONAL,No,1
42.0,110733.0,10,8020.0,19.66,0.07,18.0,767,female,Doctorate,MORTGAGE,PERSONAL,No,1
42.0,34452.0,10,21298.0,16.97,0.62,19.0,458,male,Doctorate,OWN,PERSONAL,No,0
57.0,100215.0,17,24315.0,12.73,0.24,16.0,678,male,High School,OTHER,MEDICAL,Yes,0
31.0,65408.0,4,29590.0,8.75,0.45,18.0,703,male,Doctorate,MORTGAGE,HOMEIMPROVEMENT,No,0
52.0,40049.0,15,25368.0,9.78,0.63,8.0,672,male,Bachelor,OTHER,VENTURE,No,1
47.0,51793.0,12,20223.0,6.59,0.39,8.0,599,female,Doctorate,OTHER,DEBTCONSOLIDATION,No,0
21.0,37798.0,0,12244.0,14.14,0.32,3.0,776,female,Doctorate,OTHER,MEDICAL,Yes,0
36.0,83913.0,7,9748.0,11.94,0.12,11.0,713,female,Associate,RENT,MEDICAL,Yes,0
54.0,71250.0,16,24612.0,15.22,0.35,19.0,494,female,Master,OWN,PERSONAL,No,1
42.0,45324.0,10,6168.0,13.44,0.14,17.0,539,male,Doctorate,MORTGAGE,VENTURE,Yes,0
22.0,34506.0,0,9037.0,11.83,0.26,8.0,667,male,Doctorate,OWN,DEBTCONSOLIDATION,No,1
50.0,69624.0,14,8919.0,10.93,0.13,4.0,728,male,High School,OTHER,VENTURE,Yes,0
49.0,96635.0,13,21477.0,6.57,0.22,14.0,838,female,Associate,OTHER,MEDICAL,No,0
54.0,56561.0,16,29822.0,19.76,0.53,4.0,672,female,Associate,OTHER,VENTURE,No,0
27.0,73805.0,2,16818.0,7.05,0.23,3.0,773,male,Master,MORTGAGE,HOMEIMPROVEMENT,Yes,0
24.0,49612.0,1,26713.0,6.36,0.54,5.0,525,male,High School,RENT,EDUCATION,No,0
54.0,61932.0,16,13762.0,9.01,0.22,2.0,813,male,High School,RENT,PERSONAL,No,1
21.0,51759.0,0,26466.0,7.91,0.51,16.0,795,male,Associate,OWN,PERSONAL,No,1
42.0,69357.0,10,20036.0,17.12,0.29,13.0,635,male,High School,OWN,DEBTCONSOLIDATION,No,1
24.0,28145.0,1,24016.0,8.12,0.85,10.0,604,male,Bachelor,OTHER,EDUCATION,No,0
32.0,82627.0,5,1388.0,10.76,0.02,17.0,434,female,Master,OWN,PERSONAL,Yes,0
39.0,53372.0,8,26579.0,6.19,0.5,9.0,631,female,Doctorate,OTHER,EDUCATION,Yes,0
37.0,71632.0,7,5710.0,19.04,0.08,9.0,698,female,Master,OWN,MEDICAL,Yes,0
36.0,50506.0,7,10967.0,10.49,0.22,15.0,841,female,Associate,RENT,PERSONAL,Yes,1
22.0,70276.0,0,9520.0,17.8,0.14,13.0,772,male,Master,OTHER,HOMEIMPROVEMENT,Yes,0
21.0,35022.0,0,25384.0,19.47,0.72,11.0,606,female,Doctorate,OTHER,PERSONAL,No,0
25.0,108508.0,1,20736.0,16.18,0.19,14.0,528,female,Doctorate,OWN,HOMEIMPROVEMENT,No,0
21.0,25546.0,0,5855.0,9.65,0.23,5.0,676,male,Doctorate,MORTGAGE,VENTURE,No,1
47.0,35610.0,12,21480.0,12.89,0.6,17.0,607,female,High School,OWN,VENTURE,No,0
41.0,67362.0,9,9032.0,16.96,0.13,12.0,543,female,Doctorate,MORTGAGE,HOMEIMPROVEMENT,No,0
46.0,124420.0,12,20742.0,15.78,0.17,3.0,527,male,Master,OWN,DEBTCONSOLIDATION,No,0
31.0,68807.0,4,16701.0,17.59,0.24,2.0,620,male,Doctorate,RENT,VENTURE,No,1
45.0,52894.0,11,23260.0,13.62,0.44,11.0,481,male,Doctorate,OTHER,DEBTCONSOLIDATION,No,1
50.0,29362.0,14,27092.0,15.21,0.92,17.0,525,male,Bachelor,OWN,DEBTCONSOLIDATION,Yes,0
35.0,54413.0,6,3306.0,11.08,0.06,9.0,783,male,Associate,RENT,PERSONAL,Yes,0
38.0,59282.0,8,19939.0,8.68,0.34,15.0,823,male,Doctorate,OWN,PERSONAL,Yes,1
59.0,139425.0,18,4070.0,15.76,0.03,8.0,705,male,Bachelor,OTHER,PERSONAL,No,1
52.0,81721.0,15,27721.0,6.04,0.34,8.0,424,male,Master,OTHER,HOMEIMPROVEMENT,No,0
59.0,27874.0,18,25805.0,16.97,0.93,8.0,641,male,Associate,OTHER,VENTURE,Yes,0
35.0,164949.0,6,28439.0,6.1,0.17,2.0,579,female,Master,MORTGAGE,VENTURE,No,0
47.0,49143.0,12,11348.0,14.64,0.23,9.0,772,male,High School,OWN,PERSONAL,Yes,0
58.0,38572.0,18,18747.0,14.32,0.49,18.0,587,male,High School,RENT,HOMEIMPROVEMENT,No,0
46.0,125168.0,12,17482.0,7.48,0.14,5.0,510,male,Doctorate,OTHER,MEDICAL,No,1
53.0,58403.0,15,3008.0,14.29,0.05,17.0,775,female,Master,OWN,PERSONAL,No,1
47.0,49826.0,12,15601.0,16.61,0.31,17.0,703,female,Master,OTHER,MEDICAL,Yes,0
48.0,66796.0,13,16148.0,13.5,0.24,4.0,479,female,Master,RENT,PERSONAL,Yes,0
36.0,91349.0,7,19173.0,15.42,0.21,7.0,827,male,High School,OTHER,PERSONAL,No,1
55.0,98387.0,16,8505.0,15.92,0.09,2.0,507,male,Master,OTHER,PERSONAL,Yes,0
26.0,30104.0,2,3231.0,8.88,0.11,9.0,763,female,Bachelor,OTHER,EDUCATION,No,0
43.0,162631.0,10,1701.0,18.97,0.01,11.0,558,male,High School,OTHER,EDUCATION,Yes,0
49.0,96128.0,13,23323.0,10.59,0.24,12.0,715,male,Doctorate,OWN,PERSONAL,No,0
53.0,49533.0,15,21619.0,14.17,0.44,4.0,583,male,Associate,RENT,PERSONAL,No,0
41.0,39762.0,9,4578.0,7.44,0.12,14.0,786,male,Doctorate,OTHER,HOMEIMPROVEMENT,No,1
35.0,36883.0,6,27296.0,19.95,0.74,12.0,628,female,Associate,OWN,VENTURE,No,0
33.0,63684.0,5,20759.0,15.16,0.33,10.0,551,female,Associate,RENT,EDUCATION,Yes,0
37.0,43304.0,7,6715.0,12.46,0.16,13.0,618,male,High School,OTHER,PERSONAL,No,0
39.0,40846.0,8,12662.0,13.93,0.31,9.0,561,male,Doctorate,MORTGAGE,HOMEIMPROVEMENT,No,0
49.0,89826.0,13,28907.0,6.38,0.32,5.0,701,female,Associate,MORTGAGE,VENTURE,No,1
55.0,71846.0,16,15275.0,9.36,0.21,8.0,404,female,Bachelor,MORTGAGE,HOMEIMPROVEMENT,No,0
23.0,49154.0,0,1217.0,19.65,0.02,14.0,579,male,High School,OTHER,EDUCATION,No,1
57.0,86433.0,17,20479.0,7.13,0.24,11.0,712,female,High School,OWN,EDUCATION,No,0
41.0,118621.0,9,28950.0,7.98,0.24,11.0,502,male,High School,RENT,VENTURE,No,0
34.0,34640.0,6,11759.0,14.02,0.34,6.0,787,male,High School,OTHER,EDUCATION,No,1
47.0,44283.0,12,25508.0,16.84,0.58,15.0,421,female,High School,RENT,MEDICAL,Yes,0
43.0,95924.0,10,2335.0,17.94,0.02,2.0,589,male,High School,RENT,EDUCATION,No,1
30.0,85774.0,4,3021.0,18.06,0.04,2.0,425,female,High School,OWN,VENTURE,No,0
33.0,67060.0,5,28962.0,16.64,0.43,18.0,797,male,Bachelor,OTHER,PERSONAL,No,0
49.0,107067.0,13,10618.0,10.87,0.1,11.0,410,female,Doctorate,MORTGAGE,MEDICAL,No,0
44.0,34749.0,11,16157.0,14.14,0.46,5.0,771,male,Doctorate,RENT,VENTURE,No,1
40.0,28579.0,9,8483.0,17.38,0.3,12.0,419,male,Master,OTHER,HOMEIMPROVEMENT,No,0
34.0,38822.0,6,22522.0,7.94,0.58,9.0,745,male,Doctorate,OTHER,DEBTCONSOLIDATION,Yes,0
50.0,63657.0,14,11993.0,7.14,0.19,15.0,767,male,Associate,MORTGAGE,EDUCATION,No,0
36.0,40213.0,7,16407.0,12.42,0.41,11.0,563,female,Doctorate,RENT,MEDICAL,Yes,0
33.0,46929.0,5,27884.0,10.34,0.59,7.0,743,male,High School,OWN,VENTURE,Yes,1
55.0,36772.0,16,24770.0,6.05,0.67,8.0,754,male,Doctorate,MORTGAGE,DEBTCONSOLIDATION,Yes,0
31.0,43905.0,4,29253.0,13.24,0.67,19.0,500,female,Associate,OWN,MEDICAL,Yes,0
29.0,36229.0,3,17373.0,11.22,0.48,9.0,676,male,Doctorate,RENT,VENTURE,No,1
48.0,71950.0,13,1929.0,18.36,0.03,6.0,782,female,Associate,OTHER,VENTURE,Yes,1
45.0,89094.0,11,4559.0,10.68,0.05,9.0,828,female,Doctorate,RENT,HOMEIMPROVEMENT,Yes,0
22.0,47088.0,0,9247.0,15.28,0.2,16.0,465,female,Bachelor,OTHER,DEBTCONSOLIDATION,No,0
24.0,53980.0,1,19615.0,13.95,0.36,10.0,464,female,Master,OWN,DEBTCONSOLIDATION,No,0
35.0,44779.0,6,27708.0,10.2,0.62,5.0,623,male,Doctorate,MORTGAGE,DEBTCONSOLIDATION,No,0
53.0,78091.0,15,6009.0,12.55,0.08,15.0,758,female,Master,RENT,PERSONAL,No,0
36.0,62600.0,7,4235.0,11.15,0.07,12.0,448,male,Master,RENT,HOMEIMPROVEMENT,Yes,0
51.0,132864.0,14,24885.0,9.33,0.19,11.0,597,female,Doctorate,RENT,PERSONAL,No,0
33.0,34623.0,5,18172.0,7.23,0.52,11.0,823,male,Master,OTHER,DEBTCONSOLIDATION,Yes,0
30.0,71772.0,4,20750.0,6.73,0.29,17.0,514,male,Master,RENT,VENTURE,No,0
51.0,74757.0,14,10365.0,9.12,0.14,5.0,681,male,Associate,OTHER,EDUCATION,Yes,1
55.0,50000.0,16,28254.0,7.17,0.57,14.0,414,female,High School,RENT,EDUCATION,No,1
24.0,80159.0,1,19056.0,8.11,0.24,15.0,694,female,Associate,OWN,PERSONAL,No,0
23.0,29165.0,0,19243.0,7.75,0.66,11.0,818,male,Bachelor,OTHER,DEBTCONSOLIDATION,Yes,1
47.0,172716.0,12,25194.0,11.23,0.15,14.0,776,male,High School,MORTGAGE,EDUCATION,No,1
34.0,30607.0,6,7529.0,9.33,0.25,7.0,418,male,Master,OTHER,PERSONAL,No,0
43.0,94836.0,10,21105.0,6.06,0.22,8.0,625,female,Master,RENT,EDUCATION,No,1
26.0,34181.0,2,17156.0,6.46,0.5,3.0,788,female,High School,RENT,MEDICAL,Yes,0
54.0,106451.0,16,15564.0,19.86,0.15,7.0,802,male,Master,MORTGAGE,MEDICAL,Yes,1
38.0,49395.0,8,23381.0,9.43,0.47,7.0,571,male,High School,MORTGAGE,EDUCATION,No,1
55.0,64810.0,16,8984.0,6.57,0.14,11.0,533,male,High School,RENT,EDUCATION,Yes,0
52.0,61493.0,15,21644.0,14.76,0.35,13.0,802,female,Doctorate,RENT,EDUCATION,Yes,0
48.0,103815.0,13,24342.0,13.72,0.23,18.0,605,male,Bachelor,OTHER,PERSONAL,Yes,0
29.0,50982.0,3,10926.0,11.44,0.21,10.0,541,male,High School,OWN,EDUCATION,No,0
50.0,13581.0,14,7939.0,16.27,0.58,8.0,783,female,Master,RENT,DEBTCONSOLIDATION,No,1
23.0,40944.0,0,20005.0,19.12,0.49,4.0,699,female,High School,MORTGAGE,HOMEIMPROVEMENT,Yes,0
43.0,65634.0,10,8213.0,11.55,0.13,6.0,704,male,High School,MORTGAGE,PERSONAL,Yes,0
36.0,48039.0,7,28122.0,11.25,0.59,12.0,564,female,Bachelor,OTHER,PERSONAL,Yes,0
59.0,87984.0,18,3460.0,13.2,0.04,4.0,796,male,Bachelor,OWN,MEDICAL,No,1
28.0,99475.0,3,20859.0,9.28,0.21,7.0,550,female,Bachelor,OTHER,VENTURE,Yes,0
57.0,55610.0,17,14029.0,8.44,0.25,11.0,652,male,Associate,OTHER,PERSONAL,No,1
24.0,28429.0,1,11651.0,11.44,0.41,6.0,691,male,Master,RENT,VENTURE,Yes,1
45.0,119621.0,11,17135.0,15.48,0.14,6.0,622,male,Associate,OTHER,DEBTCONSOLIDATION,Yes,0
43.0,102901.0,10,27411.0,6.21,0.27,7.0,748,male,Master,MORTGAGE,DEBTCONSOLIDATION,No,1
56.0,51555.0,17,5231.0,7.94,0.1,7.0,721,male,Doctorate,MORTGAGE,MEDICAL,No,1
32.0,171810.0,5,25001.0,17.31,0.15,14.0,463,male,High School,OTHER,VENTURE,No,0
56.0,50290.0,17,13115.0,10.65,0.26,14.0,656,female,Associate,MORTGAGE,MEDICAL,Yes,0
47.0,33909.0,12,25800.0,13.83,0.76,13.0,437,female,Bachelor,OWN,HOMEIMPROVEMENT,Yes,0
55.0,55385.0,16,22963.0,6.78,0.41,3.0,800,female,Associate,MORTGAGE,VENTURE,Yes,0
28.0,102633.0,3,4098.0,13.71,0.04,3.0,506,female,Master,RENT,PERSONAL,No,0
50.0,37469.0,14,7396.0,6.39,0.2,13.0,727,male,Master,OTHER,PERSONAL,Yes,0
57.0,158834.0,17,9434.0,8.9,0.06,5.0,465,male,Doctorate,OTHER,MEDICAL,No,0
22.0,38244.0,0,3491.0,12.27,0.09,14.0,452,male,High School,MORTGAGE,DEBTCONSOLIDATION,Yes,0
35.0,96492.0,6,23913.0,13.33,0.25,12.0,509,male,Master,MORTGAGE,HOMEIMPROVEMENT,Yes,0
45.0,78608.0,11,16090.0,7.75,0.2,19.0,514,male,Doctorate,OTHER,PERSONAL,No,0
25.0,55435.0,1,8969.0,12.43,0.16,3.0,815,female,Doctorate,RENT,DEBTCONSOLIDATION,No,1
40.0,102772.0,9,22520.0,16.93,0.22,19.0,842,male,High School,MORTGAGE,PERSONAL,Yes,1
45.0,28285.0,11,3137.0,15.88,0.11,15.0,807,male,Associate,RENT,MEDICAL,No,1
50.0,118041.0,14,2104.0,11.17,0.02,10.0,459,male,Bachelor,OWN,PERSONAL,No,0
57.0,57998.0,17,20814.0,12.95,0.36,15.0,678,male,Bachelor,MORTGAGE,PERSONAL,Yes,0
36.0,45651.0,7,22831.0,17.19,0.5,3.0,710,female,Associate,OWN,HOMEIMPROVEMENT,Yes,1
38.0,87080.0,8,24178.0,9.68,0.28,5.0,807,female,High School,OTHER,PERSONAL,No,1
39.0,101717.0,8,18065.0,7.96,0.18,10.0,439,male,Master,OTHER,EDUCATION,No,0
58.0,87983.0,18,19611.0,19.57,0.22,19.0,531,female,Doctorate,OTHER,MEDICAL,No,1
28.0,162714.0,3,6478.0,18.22,0.04,9.0,795,female,High School,OTHER,VENTURE,Yes,0
40.0,102782.0,9,11000.0,18.24,0.11,16.0,442,female,Bachelor,MORTGAGE,PERSONAL,No,0
22.0,113749.0,0,5030.0,12.68,0.04,12.0,605,male,Bachelor,MORTGAGE,PERSONAL,No,1
37.0,45710.0,7,17233.0,6.49,0.38,4.0,564,female,Master,RENT,HOMEIMPROVEMENT,No,0
57.0,63150.0,17,20672.0,16.4,0.33,15.0,734,female,Bachelor,RENT,PERSONAL,No,0
45.0,79339.0,11,1624.0,17.06,0.02,18.0,795,male,Doctorate,OWN,DEBTCONSOLIDATION,Yes,0
34.0,59345.0,6,6005.0,19.51,0.1,18.0,430,male,Doctorate,RENT,MEDICAL,Yes,0
59.0,69621.0,18,17317.0,6.5,0.25,7.0,412,female,Doctorate,OTHER,HOMEIMPROVEMENT,No,0
44.0,74091.0,11,17693.0,17.38,0.24,16.0,579,female,Bachelor,RENT,EDUCATION,No,0
58.0,91320.0,18,25847.0,10.72,0.28,10.0,793,male,Associate,OTHER,HOMEIMPROVEMENT,Yes,0
21.0,56908.0,0,22302.0,15.33,0.39,13.0,700,male,Associate,RENT,PERSONAL,Yes,0
38.0,50267.0,8,3263.0,18.61,0.06,4.0,605,female,High School,MORTGAGE,HOMEIMPROVEMENT,Yes,0
53.0,39571.0,15,3766.0,9.52,0.1,11.0,715,male,Doctorate,OTHER,PERSONAL,No,0
50.0,38336.0,14,12116.0,19.91,0.32,10.0,735,male,Associate,OWN,DEBTCONSOLIDATION,No,0
36.0,107605.0,7,3124.0,6.53,0.03,10.0,776,female,Associate,OTHER,HOMEIMPROVEMENT,No,0
40.0,57397.0,9,5781.0,7.61,0.1,16.0,637,female,Master,RENT,HOMEIMPROVEMENT,No,0
37.0,88741.0,7,8585.0,12.73,0.1,5.0,522,female,Associate,MORTGAGE,MEDICAL,Yes,0
41.0,31298.0,9,12020.0,16.07,0.38,12.0,440,female,High School,OWN,EDUCATION,Yes,0
29.0,22718.0,3,22523.0,18.97,0.99,14.0,810,female,Bachelor,OWN,VENTURE,Yes,1
51.0,35435.0,14,1377.0,17.86,0.04,3.0,730,female,Doctorate,MORTGAGE,VENTURE,Yes,0
24.0,106225.0,1,15970.0,19.59,0.15,13.0,723,male,High School,OWN,MEDICAL,No,0
37.0,102134.0,7,25005.0,12.18,0.24,7.0,457,male,Bachelor,RENT,EDUCATION,No,1
31.0,70687.0,4,23461.0,11.69,0.33,7.0,572,male,Doctorate,OTHER,VENTURE,Yes,0
49.0,40091.0,13,15391.0,14.25,0.38,11.0,825,female,Doctorate,OWN,VENTURE,No,1
50.0,56084.0,14,10441.0,15.69,0.19,2.0,461,female,High School,OTHER,EDUCATION,Yes,0
48.0,51592.0,13,13641.0,18.64,0.26,10.0,630,male,Associate,OWN,EDUCATION,Yes,0
57.0,50388.0,17,17361.0,14.29,0.34,8.0,445,female,Bachelor,MORTGAGE,PERSONAL,No,0
57.0,17102.0,17,18452.0,18.68,1.08,10.0,690,female,Associate,RENT,EDUCATION,Yes,0
28.0,38989.0,3,28619.0,11.82,0.73,17.0,840,male,Associate,OTHER,HOMEIMPROVEMENT,No,1
25.0,54445.0,1,25650.0,16.8,0.47,19.0,406,female,High School,MORTGAGE,PERSONAL,No,0
26.0,127799.0,2,22170.0,19.97,0.17,11.0,554,female,Bachelor,RENT,MEDICAL,No,0
49.0,64885.0,13,9446.0,7.1,0.15,10.0,461,male,High School,RENT,VENTURE,Yes,0
58.0,120625.0,18,18562.0,15.9,0.15,4.0,817,female,Master,OWN,DEBTCONSOLIDATION,Yes,0
57.0,49175.0,17,8757.0,18.64,0.18,19.0,767,male,Associate,OTHER,DEBTCONSOLIDATION,No,1
47.0,52768.0,12,14489.0,18.52,0.27,16.0,806,male,Bachelor,RENT,DEBTCONSOLIDATION,No,0
58.0,8521.0,18,2435.0,18.22,0.29,3.0,426,female,Associate,OTHER,MEDICAL,Yes,0
54.0,75483.0,16,8787.0,9.9,0.12,12.0,832,male,Bachelor,OTHER,MEDICAL,No,1
21.0,78712.0,0,8725.0,11.69,0.11,17.0,418,female,Bachelor,RENT,EDUCATION,Yes,0
25.0,144622.0,1,19768.0,13.11,0.14,9.0,755,female,Master,RENT,DEBTCONSOLIDATION,No,0
54.0,46940.0,16,2920.0,19.58,0.06,9.0,438,male,Bachelor,OTHER,EDUCATION,No,0
24.0,62760.0,1,9209.0,9.72,0.15,5.0,643,male,Master,RENT,VENTURE,Yes,0
59.0,42076.0,18,2205.0,15.25,0.05,17.0,478,male,Doctorate,OWN,PERSONAL,Yes,0
53.0,33252.0,15,6603.0,16.64,0.2,15.0,411,male,Associate,OTHER,PERSONAL,No,0
58.0,41917.0,18,17029.0,8.05,0.41,18.0,737,female,Doctorate,MORTGAGE,MEDICAL,No,1
35.0,50388.0,6,8601.0,18.18,0.17,4.0,445,male,Master,MORTGAGE,MEDICAL,No,0
26.0,117915.0,2,6331.0,13.07,0.05,11.0,699,female,High School,MORTGAGE,MEDICAL,No,1
41.0,59940.0,9,22646.0,19.39,0.38,18.0,844,male,Bachelor,OWN,MEDICAL,No,1
58.0,40325.0,18,3153.0,18.46,0.08,3.0,755,male,High School,MORTGAGE,DEBTCONSOLIDATION,Yes,1
35.0,64276.0,6,4810.0,19.26,0.07,3.0,617,male,Doctorate,RENT,VENTURE,No,1
55.0,66755.0,16,27584.0,8.56,0.41,8.0,742,female,Bachelor,MORTGAGE,VENTURE,No,1
35.0,42697.0,6,29075.0,17.69,0.68,10.0,798,male,Master,OTHER,PERSONAL,Yes,0
53.0,106045.0,15,5313.0,18.08,0.05,3.0,429,female,Associate,RENT,MEDICAL,Yes,0
29.0,23291.0,3,24584.0,19.26,1.06,11.0,440,female,High School,MORTGAGE,MEDICAL,Yes,0
39.0,53811.0,8,3750.0,15.09,0.07,16.0,511,male,Associate,RENT,PERSONAL,No,0
33.0,83494.0,5,14343.0,11.16,0.17,8.0,783,female,Master,RENT,MEDICAL,Yes,1
30.0,30662.0,4,29149.0,14.22,0.95,19.0,817,female,Doctorate,OTHER,EDUCATION,No,1
55.0,71727.0,16,14628.0,8.21,0.2,5.0,527,female,High School,MORTGAGE,MEDICAL,Yes,0
52.0,114285.0,15,20342.0,19.95,0.18,14.0,640,male,Doctorate,OWN,MEDICAL,No,1
26.0,75120.0,2,27440.0,16.11,0.37,7.0,595,female,Doctorate,OWN,HOMEIMPROVEMENT,Yes,0
57.0,25717.0,17,22046.0,10.75,0.86,8.0,716,female,High School,OTHER,DEBTCONSOLIDATION,No,0
58.0,41602.0,18,1703.0,18.86,0.04,18.0,692,male,Master,MORTGAGE,EDUCATION,Yes,0
31.0,110874.0,4,17332.0,15.97,0.16,15.0,839,male,Master,MORTGAGE,HOMEIMPROVEMENT,Yes,1
37.0,69506.0,7,4507.0,10.66,0.06,18.0,665,male,Master,OWN,DEBTCONSOLIDATION,Yes,0
42.0,59580.0,10,3041.0,19.01,0.05,19.0,817,male,Doctorate,OWN,HOMEIMPROVEMENT,No,1
46.0,74653.0,12,24739.0,10.54,0.33,9.0,433,male,Bachelor,MORTGAGE,VENTURE,Yes,0
38.0,85864.0,8,25414.0,10.48,0.3,10.0,817,male,High School,OWN,VENTURE,Yes,1
26.0,42014.0,2,25389.0,6.42,0.6,3.0,605,female,High School,MORTGAGE,VENTURE,No,0
57.0,51782.0,17,13122.0,15.81,0.25,3.0,584,female,Bachelor,OWN,MEDICAL,No,0
47.0,64309.0,12,13410.0,7.51,0.21,15.0,788,male,High School,MORTGAGE,DEBTCONSOLIDATION,No,0
22.0,45616.0,0,12381.0,6.68,0.27,12.0,641,female,Bachelor,MORTGAGE,EDUCATION,Yes,0
52.0,56009.0,15,25514.0,15.18,0.46,14.0,547,female,High School,OWN,VENTURE,No,0
49.0,114569.0,13,4923.0,19.56,0.04,17.0,430,female,High School,MORTGAGE,PERSONAL,No,0
28.0,36905.0,3,27163.0,6.9,0.74,2.0,502,male,Associate,OWN,EDUCATION,Yes,0
44.0,156895.0,11,4283.0,16.64,0.03,14.0,421,female,Master,OTHER,MEDICAL,No,0
40.0,153226.0,9,10243.0,9.2,0.07,7.0,583,female,Bachelor,OTHER,MEDICAL,No,0
22.0,25420.0,0,16145.0,18.06,0.64,16.0,640,female,Doctorate,OTHER,EDUCATION,No,0
57.0,55798.0,17,1260.0,6.17,0.02,7.0,408,female,Doctorate,MORTGAGE,HOMEIMPROVEMENT,No,0
49.0,71065.0,13,17493.0,8.72,0.25,10.0,503,male,Doctorate,OWN,PERSONAL,No,0
33.0,40928.0,5,1070.0,19.65,0.03,3.0,529,female,Associate,OWN,EDUCATION,Yes,0
21.0,41335.0,0,16041.0,14.06,0.39,15.0,558,male,Bachelor,OWN,MEDICAL,No,0
24.0,53172.0,1,6332.0,7.84,0.12,16.0,654,male,High School,MORTGAGE,VENTURE,No,0
50.0,86646.0,14,18780.0,6.07,0.22,13.0,512,male,Associate,MORTGAGE,EDUCATION,No,1
26.0,46367.0,2,15753.0,11.73,0.34,7.0,739,female,Master,RENT,VENTURE,No,1
40.0,149245.0,9,26451.0,12.08,0.18,5.0,610,female,Associate,RENT,EDUCATION,No,0
56.0,69216.0,17,16126.0,13.46,0.23,4.0,764,female,High School,MORTGAGE,MEDICAL,Yes,0
57.0,56881.0,17,15621.0,15.53,0.27,16.0,817,male,Bachelor,OWN,HOMEIMPROVEMENT,No,0
31.0,123578.0,4,11737.0,8.16,0.09,19.0,685,male,Doctorate,RENT,DEBTCONSOLIDATION,Yes,0
23.0,81891.0,0,11995.0,10.46,0.15,8.0,503,female,Bachelor,MORTGAGE,PERSONAL,Yes,0
40.0,72016.0,9,19248.0,6.74,0.27,8.0,409,male,Associate,OTHER,MEDICAL,Yes,0
53.0,50738.0,15,8440.0,19.95,0.17,14.0,436,female,Master,RENT,EDUCATION,No,0
45.0,148300.0,11,7707.0,11.93,0.05,15.0,415,female,Bachelor,MORTGAGE,EDUCATION,No,0
23.0,89851.0,0,9898.0,15.5,0.11,9.0,828,female,Bachelor,MORTGAGE,EDUCATION,No,1
46.0,54084.0,12,16752.0,9.99,0.31,16.0,667,male,Doctorate,OWN,EDUCATION,No,0
34.0,27212.0,6,17263.0,7.99,0.63,18.0,686,male,Doctorate,MORTGAGE,HOMEIMPROVEMENT,Yes,0
29.0,72148.0,3,14122.0,8.71,0.2,17.0,427,male,Associate,OTHER,DEBTCONSOLIDATION,No,0
37.0,33797.0,7,24065.0,6.21,0.71,8.0,566,male,Bachelor,RENT,EDUCATION,No,0
55.0,25388.0,16,4942.0,15.64,0.19,14.0,710,male,Bachelor,OWN,VENTURE,No,1
58.0,52074.0,18,13792.0,19.86,0.26,4.0,626,male,Doctorate,OTHER,PERSONAL,No,0
26.0,68922.0,2,21281.0,7.28,0.31,8.0,594,female,Doctorate,RENT,PERSONAL,Yes,0
42.0,113691.0,10,2182.0,8.31,0.02,8.0,443,male,Doctorate,OWN,EDUCATION,No,0
50.0,68956.0,14,5938.0,17.22,0.09,17.0,618,male,Master,OTHER,EDUCATION,Yes,0
31.0,89591.0,4,6456.0,14.91,0.07,5.0,539,female,Associate,OWN,VENTURE,No,0
31.0,32437.0,4,26217.0,19.27,0.81,19.0,711,female,Associate,OWN,VENTURE,Yes,0
30.0,59203.0,4,3628.0,11.11,0.06,17.0,417,male,Associate,MORTGAGE,HOMEIMPROVEMENT,No,0
29.0,63711.0,3,18251.0,11.99,0.29,5.0,652,female,Master,MORTGAGE,DEBTCONSOLIDATION,No,1
55.0,92145.0,16,10666.0,10.01,0.12,9.0,467,male,Bachelor,RENT,VENTURE,Yes,0
29.0,63451.0,3,17253.0,17.26,0.27,6.0,632,female,Bachelor,OTHER,DEBTCONSOLIDATION,No,0
29.0,89504.0,3,20846.0,8.63,0.23,11.0,613,female,Master,OWN,VENTURE,No,0
25.0,46532.0,1,24107.0,11.32,0.52,12.0,741,female,High School,MORTGAGE,HOMEIMPROVEMENT,Yes,1
25.0,71609.0,1,18130.0,15.23,0.25,16.0,437,female,Associate,RENT,EDUCATION,Yes,0
51.0,73676.0,14,19848.0,18.79,0.27,2.0,659,female,Master,OWN,DEBTCONSOLIDATION,No,0
32.0,32052.0,5,20201.0,17.38,0.63,18.0,545,female,Doctorate,RENT,EDUCATION,No,0
52.0,65367.0,15,7502.0,7.19,0.11,17.0,515,male,Doctorate,MORTGAGE,PERSONAL,No,0
43.0,51012.0,10,14183.0,18.1,0.28,14.0,666,male,Bachelor,OTHER,PERSONAL,No,0
54.0,23109.0,16,28327.0,17.08,1.23,17.0,681,female,High School,OTHER,PERSONAL,Yes,0
42.0,96684.0,10,4183.0,12.59,0.04,12.0,787,male,Associate,MORTGAGE,HOMEIMPROVEMENT,Yes,0
50.0,49965.0,14,5037.0,13.75,0.1,16.0,716,male,Bachelor,RENT,EDUCATION,Yes,0
52.0,39097.0,15,9591.0,12.2,0.25,13.0,502,male,Doctorate,MORTGAGE,HOMEIMPROVEMENT,No,0
23.0,49580.0,0,15967.0,6.78,0.32,7.0,431,female,Bachelor,MORTGAGE,PERSONAL,Yes,0
42.0,64158.0,10,15817.0,10.48,0.25,16.0,563,male,High School,RENT,PERSONAL,No,0
38.0,127256.0,8,21416.0,18.78,0.17,14.0,594,female,Master,OTHER,PERSONAL,Yes,0
32.0,55107.0,5,15417.0,14.38,0.28,8.0,524,female,Doctorate,RENT,HOMEIMPROVEMENT,No,0
38.0,75827.0,8,8400.0,7.37,0.11,17.0,721,male,Doctorate,MORTGAGE,PERSONAL,No,1
37.0,118989.0,7,8066.0,13.72,0.07,17.0,528,female,Doctorate,OWN,VENTURE,Yes,0
40.0,78180.0,9,20270.0,14.66,0.26,17.0,753,male,High School,MORTGAGE,PERSONAL,No,0
52.0,102159.0,15,24933.0,17.36,0.24,19.0,832,male,Doctorate,OWN,HOMEIMPROVEMENT,Yes,1
53.0,47181.0,15,29564.0,14.14,0.63,9.0,721,female,Doctorate,RENT,MEDICAL,No,1
45.0,88038.0,11,13566.0,8.82,0.15,8.0,594,female,Bachelor,RENT,PERSONAL,No,1
48.0,58163.0,13,23272.0,19.58,0.4,3.0,764,female,Bachelor,MORTGAGE,HOMEIMPROVEMENT,Yes,0
58.0,102458.0,18,25518.0,10.15,0.25,16.0,764,female,Doctorate,RENT,EDUCATION,No,1
45.0,36251.0,11,18482.0,16.16,0.51,4.0,642,female,Associate,OWN,MEDICAL,No,0
35.0,40547.0,6,8699.0,15.63,0.21,16.0,467,male,Bachelor,MORTGAGE,VENTURE,Yes,0
24.0,112912.0,1,4853.0,18.93,0.04,16.0,457,female,High School,MORTGAGE,VENTURE,No,0
42.0,54283.0,10,28316.0,16.71,0.52,10.0,607,female,High School,RENT,HOMEIMPROVEMENT,Yes,0
30.0,50037.0,4,18707.0,11.43,0.37,9.0,428,male,Doctorate,MORTGAGE,VENTURE,No,0
44.0,62242.0,11,4243.0,6.67,0.07,16.0,610,female,Doctorate,OTHER,VENTURE,No,0
22.0,42415.0,0,13084.0,15.19,0.31,19.0,420,male,Master,MORTGAGE,VENTURE,No,0
54.0,116538.0,16,23306.0,6.17,0.2,2.0,680,female,Bachelor,RENT,HOMEIMPROVEMENT,Yes,0
57.0,32062.0,17,15470.0,6.73,0.48,16.0,584,male,High School,OTHER,MEDICAL,No,0
26.0,55531.0,2,1585.0,6.32,0.03,3.0,702,male,High School,OWN,VENTURE,No,0
52.0,71216.0,15,9114.0,14.02,0.13,4.0,633,male,Master,RENT,EDUCATION,No,1
36.0,56828.0,7,7853.0,17.02,0.14,2.0,576,female,Associate,OWN,EDUCATION,No,0
22.0,40089.0,0,13673.0,6.98,0.34,12.0,709,male,High School,MORTGAGE,MEDICAL,No,1
56.0,38786.0,17,26246.0,10.47,0.68,17.0,489,female,Bachelor,RENT,MEDICAL,No,0
57.0,74065.0,17,11311.0,11.31,0.15,3.0,573,female,High School,RENT,PERSONAL,Yes,0
22.0,35766.0,0,11153.0,18.59,0.31,9.0,825,male,Associate,MORTGAGE,MEDICAL,Yes,1
44.0,82712.0,11,26466.0,15.05,0.32,11.0,658,male,Associate,MORTGAGE,HOMEIMPROVEMENT,No,0
53.0,27943.0,15,28041.0,11.67,1.0,15.0,566,female,High School,OTHER,PERSONAL,Yes,0
51.0,45366.0,14,1625.0,18.91,0.04,17.0,817,male,Bachelor,OTHER,HOMEIMPROVEMENT,Yes,0
37.0,60971.0,7,27953.0,15.62,0.46,7.0,456,female,Associate,OWN,EDUCATION,No,0
54.0,32014.0,16,8527.0,15.41,0.27,19.0,506,male,Bachelor,RENT,DEBTCONSOLIDATION,Yes,0
53.0,82951.0,15,24205.0,15.97,0.29,17.0,643,male,High School,RENT,VENTURE,No,1
25.0,59322.0,1,6451.0,13.59,0.11,17.0,758,male,High School,OTHER,EDUCATION,Yes,1
21.0,35666.0,0,12487.0,12.54,0.35,7.0,493,male,Master,OWN,HOMEIMPROVEMENT,No,0
24.0,28017.0,1,13887.0,19.61,0.5,16.0,450,female,Associate,RENT,HOMEIMPROVEMENT,Yes,0
35.0,27370.0,6,25889.0,14.01,0.95,14.0,760,female,Master,RENT,EDUCATION,No,1
25.0,61422.0,1,29102.0,11.69,0.47,12.0,578,female,High School,OWN,DEBTCONSOLIDATION,Yes,0
24.0,33577.0,1,14256.0,7.31,0.42,18.0,710,female,Associate,OTHER,PERSONAL,No,1
31.0,30259.0,4,17161.0,8.69,0.57,11.0,707,male,High School,MORTGAGE,HOMEIMPROVEMENT,Yes,1
46.0,53337.0,12,4658.0,19.77,0.09,9.0,669,female,Doctorate,OWN,MEDICAL,No,0
41.0,186979.0,9,2779.0,19.46,0.01,8.0,700,male,Associate,OWN,PERSONAL,Yes,0
31.0,68787.0,4,25706.0,6.04,0.37,17.0,406,male,Doctorate,MORTGAGE,VENTURE,No,0
58.0,87681.0,18,28834.0,7.09,0.33,12.0,477,male,Bachelor,OWN,EDUCATION,No,0
48.0,66593.0,13,24671.0,15.5,0.37,14.0,590,female,Doctorate,OWN,EDUCATION,Yes,0
45.0,88565.0,11,7103.0,9.05,0.08,11.0,704,male,Doctorate,RENT,VENTURE,Yes,0
57.0,30591.0,17,4931.0,15.29,0.16,3.0,648,male,Master,RENT,DEBTCONSOLIDATION,No,0
51.0,48279.0,14,16638.0,8.94,0.34,17.0,501,female,Associate,OWN,PERSONAL,Yes,0
25.0,68232.0,1,26129.0,11.56,0.38,9.0,743,female,Bachelor,MORTGAGE,HOMEIMPROVEMENT,No,1
22.0,59340.0,0,27474.0,10.56,0.46,3.0,629,male,Doctorate,OWN,MEDICAL,No,1
54.0,54394.0,16,16049.0,9.45,0.3,16.0,553,female,High School,OTHER,DEBTCONSOLIDATION,No,1
36.0,42919.0,7,13111.0,16.85,0.31,11.0,453,male,High School,MORTGAGE,VENTURE,No,0
23.0,52618.0,0,22564.0,10.25,0.43,19.0,821,male,Doctorate,OTHER,MEDICAL,Yes,0
39.0,40656.0,8,27272.0,18.81,0.67,18.0,736,female,High School,OTHER,MEDICAL,No,0
35.0,17838.0,6,8777.0,8.64,0.49,6.0,600,female,Doctorate,OWN,PERSONAL,Yes,0
37.0,32950.0,7,17286.0,18.53,0.52,12.0,628,male,Associate,RENT,HOMEIMPROVEMENT,Yes,0
37.0,75950.0,7,7248.0,8.15,0.1,6.0,438,male,Associate,RENT,MEDICAL,Yes,0
33.0,130423.0,5,24379.0,10.14,0.19,6.0,424,male,Associate,RENT,PERSONAL,Yes,0
40.0,148270.0,9,25601.0,19.77,0.17,2.0,596,female,Master,OWN,HOMEIMPROVEMENT,No,0
40.0,62842.0,9,8819.0,6.66,0.14,10.0,406,male,Doctorate,RENT,EDUCATION,Yes,0
59.0,93591.0,18,18406.0,17.74,0.2,14.0,778,female,High School,OWN,VENTURE,Yes,1
48.0,94277.0,13,7658.0,8.29,0.08,18.0,433,female,High School,OWN,DEBTCONSOLIDATION,No,0
51.0,42356.0,14,5283.0,13.27,0.12,12.0,484,male,Doctorate,OTHER,DEBTCONSOLIDATION,No,0
21.0,25617.0,0,2037.0,19.41,0.08,18.0,535,female,Doctorate,MORTGAGE,HOMEIMPROVEMENT,Yes,0
33.0,60806.0,5,11610.0,7.67,0.19,15.0,545,female,High School,OTHER,EDUCATION,Yes,0
59.0,24807.0,18,11259.0,11.28,0.45,12.0,642,male,Doctorate,RENT,HOMEIMPROVEMENT,No,0
31.0,51023.0,4,25912.0,13.11,0.51,2.0,839,male,High School,RENT,HOMEIMPROVEMENT,Yes,0
40.0,81150.0,9,21764.0,15.13,0.27,4.0,695,female,High School,OTHER,DEBTCONSOLIDATION,No,1
54.0,29436.0,16,14580.0,10.71,0.5,13.0,433,male,Doctorate,MORTGAGE,HOMEIMPROVEMENT,No,0
45.0,60849.0,11,7325.0,9.48,0.12,5.0,483,male,Doctorate,OTHER,VENTURE,No,0
55.0,111303.0,16,10768.0,18.71,0.1,14.0,552,male,High School,MORTGAGE,DEBTCONSOLIDATION,Yes,0
27.0,71737.0,2,4529.0,6.11,0.06,2.0,841,female,Master,OWN,DEBTCONSOLIDATION,Yes,1
40.0,77743.0,9,10887.0,19.74,0.14,18.0,597,female,Associate,OWN,VENTURE,Yes,0
45.0,94218.0,11,13496.0,8.09,0.14,15.0,796,female,Bachelor,OWN,EDUCATION,No,1
34.0,142412.0,6,24914.0,9.23,0.17,2.0,616,female,Associate,MORTGAGE,DEBTCONSOLIDATION,Yes,0
43.0,64583.0,10,26752.0,16.24,0.41,8.0,758,male,Doctorate,MORTGAGE,MEDICAL,No,1
59.0,110719.0,18,14174.0,16.54,0.13,13.0,646,female,Associate,OTHER,HOMEIMPROVEMENT,Yes,0
49.0,57984.0,13,9488.0,13.18,0.16,4.0,693,female,Associate,MORTGAGE,DEBTCONSOLIDATION,No,1
33.0,45566.0,5,28502.0,6.3,0.63,19.0,708,female,Associate,RENT,EDUCATION,Yes,0
23.0,70081.0,0,27927.0,9.12,0.4,9.0,526,female,High School,MORTGAGE,EDUCATION,No,0
28.0,44227.0,3,10053.0,8.91,0.23,13.0,575,male,Bachelor,OTHER,DEBTCONSOLIDATION,No,1
31.0,44956.0,4,25607.0,18.49,0.57,10.0,517,female,Doctorate,RENT,VENTURE,No,1
55.0,44185.0,16,22937.0,12.42,0.52,6.0,415,female,Bachelor,MORTGAGE,PERSONAL,No,0
31.0,19002.0,4,12427.0,16.74,0.65,7.0,477,male,Master,OWN,VENTURE,No,0
52.0,63117.0,15,9285.0,18.69,0.15,9.0,552,male,Doctorate,MORTGAGE,PERSONAL,Yes,0
31.0,31827.0,4,3492.0,11.5,0.11,8.0,532,male,Master,OTHER,HOMEIMPROVEMENT,No,0
47.0,56747.0,12,23267.0,18.93,0.41,15.0,409,female,Doctorate,OWN,MEDICAL,Yes,0
41.0,123622.0,9,13928.0,15.53,0.11,17.0,662,male,Master,RENT,DEBTCONSOLIDATION,Yes,0
58.0,46143.0,18,1510.0,14.47,0.03,17.0,625,female,Bachelor,RENT,HOMEIMPROVEMENT,No,1
43.0,45661.0,10,5107.0,12.31,0.11,4.0,648,male,Associate,MORTGAGE,PERSONAL,No,1
57.0,118415.0,17,4764.0,12.19,0.04,11.0,791,male,Master,RENT,PERSONAL,Yes,0
58.0,78681.0,18,24387.0,10.54,0.31,18.0,658,female,Bachelor,OTHER,PERSONAL,Yes,0
50.0,97564.0,14,8518.0,9.9,0.09,13.0,437,male,Master,RENT,PERSONAL,Yes,0
45.0,50129.0,11,18527.0,12.79,0.37,12.0,713,female,Associate,MORTGAGE,EDUCATION,No,1
54.0,87033.0,16,26232.0,11.71,0.3,19.0,583,female,High School,OWN,PERSONAL,Yes,0
59.0,42485.0,18,13229.0,9.67,0.31,5.0,530,male,Doctorate,RENT,EDUCATION,Yes,0
30.0,42702.0,4,10352.0,7.03,0.24,13.0,810,female,Master,OWN,MEDICAL,No,1
42.0,80670.0,10,7907.0,19.63,0.1,15.0,655,male,Doctorate,OWN,HOMEIMPROVEMENT,Yes,1
26.0,44392.0,2,15022.0,14.02,0.34,10.0,773,female,Master,MORTGAGE,EDUCATION,No,1
25.0,87865.0,1,24436.0,10.7,0.28,2.0,596,male,Master,MORTGAGE,HOMEIMPROVEMENT,Yes,0
47.0,197964.0,12,4104.0,17.76,0.02,3.0,732,female,Master,MORTGAGE,PERSONAL,No,0
22.0,25769.0,0,24426.0,12.82,0.95,10.0,836,male,High School,OTHER,HOMEIMPROVEMENT,Yes,1
48.0,41106.0,13,17433.0,17.7,0.42,15.0,719,male,High School,OTHER,MEDICAL,Yes,0
53.0,104828.0,15,26566.0,8.31,0.25,13.0,678,male,Bachelor,OWN,DEBTCONSOLIDATION,Yes,0
27.0,55685.0,2,3783.0,8.04,0.07,18.0,403,male,Doctorate,OTHER,EDUCATION,No,0
47.0,106996.0,12,29636.0,9.29,0.28,12.0,570,male,Associate,RENT,VENTURE,No,1
36.0,36133.0,7,5106.0,18.04,0.14,9.0,596,male,High School,OTHER,PERSONAL,Yes,0
55.0,70663.0,16,10989.0,16.7,0.16,19.0,849,male,Master,OWN,VENTURE,No,1
56.0,55532.0,17,24228.0,10.59,0.44,7.0,800,male,High School,MORTGAGE,HOMEIMPROVEMENT,Yes,0
43.0,64227.0,10,17530.0,19.07,0.27,15.0,726,female,Associate,MORTGAGE,DEBTCONSOLIDATION,Yes,1
42.0,70655.0,10,8073.0,18.04,0.11,4.0,724,male,Associate,OTHER,HOMEIMPROVEMENT,No,0
48.0,32533.0,13,26999.0,11.43,0.83,10.0,485,female,Associate,MORTGAGE,MEDICAL,Yes,0
43.0,34994.0,10,2776.0,14.4,0.08,9.0,558,male,Master,OTHER,PERSONAL,No,0
50.0,120526.0,14,16359.0,19.79,0.14,7.0,806,male,Master,OTHER,MEDICAL,No,1
28.0,69328.0,3,18452.0,15.89,0.27,19.0,652,male,Bachelor,RENT,DEBTCONSOLIDATION,Yes,0
51.0,63144.0,14,29063.0,8.77,0.46,18.0,461,female,High School,OWN,PERSONAL,Yes,0
41.0,58569.0,9,5248.0,14.38,0.09,12.0,678,male,High School,MORTGAGE,MEDICAL,No,0
50.0,71559.0,14,5683.0,18.48,0.08,12.0,694,female,High School,OTHER,PERSONAL,No,0
41.0,33592.0,9,2531.0,13.45,0.08,9.0,788,female,Associate,RENT,MEDICAL,Yes,1
32.0,36333.0,5,4140.0,12.54,0.11,14.0,615,female,High School,OTHER,DEBTCONSOLIDATION,No,1
24.0,114950.0,1,25086.0,16.44,0.22,2.0,646,male,High School,OTHER,PERSONAL,No,1
41.0,64579.0,9,16403.0,12.36,0.25,19.0,754,female,High School,OTHER,MEDICAL,Yes,0
59.0,91597.0,18,12518.0,14.86,0.14,11.0,784,male,Master,OWN,HOMEIMPROVEMENT,Yes,0
22.0,44230.0,0,7705.0,6.1,0.17,16.0,523,female,Bachelor,OWN,DEBTCONSOLIDATION,Yes,1
43.0,119177.0,10,26098.0,16.68,0.22,7.0,731,male,Doctorate,OTHER,HOMEIMPROVEMENT,No,1
38.0,71157.0,8,14978.0,19.45,0.21,6.0,414,male,High School,MORTGAGE,VENTURE,Yes,0
21.0,76162.0,0,22576.0,17.83,0.3,5.0,848,male,Doctorate,OWN,HOMEIMPROVEMENT,No,0
42.0,78776.0,10,14896.0,17.43,0.19,13.0,594,male,Bachelor,MORTGAGE,VENTURE,Yes,0
51.0,40195.0,14,6827.0,12.63,0.17,8.0,553,male,High School,RENT,MEDICAL,Yes,0
49.0,23556.0,13,5689.0,16.3,0.24,5.0,602,female,Bachelor,MORTGAGE,MEDICAL,No,0
59.0,34982.0,18,3459.0,12.85,0.1,16.0,632,male,Associate,OWN,HOMEIMPROVEMENT,Yes,0
41.0,135302.0,9,1590.0,7.59,0.01,17.0,427,male,Doctorate,OWN,DEBTCONSOLIDATION,Yes,0
44.0,114731.0,11,5969.0,6.47,0.05,12.0,683,female,High School,MORTGAGE,MEDICAL,Yes,0
58.0,50339.0,18,19467.0,10.87,0.39,16.0,548,female,High School,OWN,MEDICAL,No,0
33.0,51491.0,5,15342.0,17.71,0.3,7.0,406,male,Doctorate,MORTGAGE,PERSONAL,No,0
52.0,100539.0,15,20405.0,12.58,0.2,3.0,686,male,Associate,OWN,VENTURE,No,1
28.0,55039.0,3,11374.0,7.55,0.21,17.0,642,female,Doctorate,MORTGAGE,DEBTCONSOLIDATION,Yes,0
35.0,31269.0,6,8841.0,6.47,0.28,3.0,574,male,Associate,MORTGAGE,EDUCATION,No,0
47.0,112732.0,12,25127.0,13.39,0.22,11.0,611,male,Master,RENT,MEDICAL,No,1
43.0,76008.0,10,26014.0,9.48,0.34,5.0,661,female,Master,OTHER,DEBTCONSOLIDATION,Yes,0
28.0,17015.0,3,14607.0,14.94,0.86,13.0,525,male,Master,OTHER,DEBTCONSOLIDATION,Yes,0
46.0,51195.0,12,26288.0,10.14,0.51,14.0,840,female,Master,OTHER,PERSONAL,No,0
43.0,64333.0,10,17087.0,12.21,0.27,9.0,677,female,Bachelor,MORTGAGE,PERSONAL,No,1
56.0,76162.0,17,21483.0,7.98,0.28,12.0,539,male,Doctorate,OWN,MEDICAL,No,1
44.0,64607.0,11,12236.0,11.68,0.19,16.0,724,female,Doctorate,MORTGAGE,PERSONAL,No,1
55.0,43570.0,16,1492.0,13.96,0.03,8.0,774,female,Bachelor,OWN,MEDICAL,Yes,1
58.0,56507.0,18,22892.0,13.43,0.41,11.0,701,female,High School,RENT,DEBTCONSOLIDATION,No,1
24.0,69383.0,1,15128.0,7.43,0.22,13.0,576,male,Associate,MORTGAGE,EDUCATION,No,0
23.0,52365.0,0,20979.0,18.04,0.4,9.0,807,female,Doctorate,OTHER,VENTURE,No,1
40.0,49714.0,9,11285.0,15.99,0.23,13.0,608,male,Associate,RENT,VENTURE,No,0
40.0,111976.0,9,20887.0,8.08,0.19,8.0,609,female,Bachelor,RENT,PERSONAL,No,0
42.0,37298.0,10,28995.0,7.54,0.78,6.0,415,female,Master,RENT,DEBTCONSOLIDATION,No,0
50.0,50275.0,14,23376.0,8.43,0.46,14.0,720,male,Master,MORTGAGE,PERSONAL,Yes,0
33.0,21685.0,5,24928.0,11.74,1.15,9.0,453,male,Bachelor,OTHER,VENTURE,Yes,0
27.0,78471.0,2,12559.0,9.43,0.16,18.0,480,male,Master,RENT,MEDICAL,No,1
47.0,90593.0,12,16701.0,9.2,0.18,3.0,431,female,Master,OWN,HOMEIMPROVEMENT,No,0
36.0,78767.0,7,4453.0,14.79,0.06,19.0,693,male,Bachelor,MORTGAGE,VENTURE,No,0
57.0,94735.0,17,27720.0,7.67,0.29,12.0,424,female,Bachelor,MORTGAGE,PERSONAL,Yes,0
23.0,74634.0,0,24720.0,8.98,0.33,7.0,459,male,High School,MORTGAGE,EDUCATION,Yes,0
48.0,71058.0,13,16005.0,18.8,0.23,2.0,520,male,Doctorate,OTHER,VENTURE,Yes,0
49.0,75885.0,13,11020.0,7.65,0.15,12.0,758,male,Master,OTHER,DEBTCONSOLIDATION,No,1
31.0,52383.0,4,17178.0,9.12,0.33,5.0,589,male,Bachelor,RENT,PERSONAL,Yes,0
24.0,108463.0,1,21061.0,18.72,0.19,5.0,765,male,Bachelor,MORTGAGE,PERSONAL,No,1
33.0,50298.0,5,29265.0,16.93,0.58,16.0,477,female,High School,MORTGAGE,DEBTCONSOLIDATION,No,0
36.0,28820.0,7,29665.0,12.28,1.03,18.0,462,female,Bachelor,OTHER,VENTURE,No,0
59.0,91573.0,18,10267.0,19.57,0.11,8.0,633,female,Doctorate,OWN,PERSONAL,Yes,0
55.0,151048.0,16,21351.0,10.58,0.14,18.0,816,female,Doctorate,OWN,EDUCATION,No,1
30.0,37046.0,4,28799.0,14.31,0.78,4.0,739,female,Bachelor,OTHER,HOMEIMPROVEMENT,No,0
39.0,56908.0,8,27293.0,8.85,0.48,12.0,620,female,Doctorate,OTHER,PERSONAL,Yes,0
44.0,42501.0,11,19121.0,12.43,0.45,2.0,565,female,Associate,OTHER,VENTURE,No,0
56.0,49499.0,17,1387.0,9.43,0.03,17.0,810,male,Associate,RENT,PERSONAL,No,1
26.0,61270.0,2,2284.0,16.09,0.04,4.0,743,female,Doctorate,RENT,PERSONAL,Yes,0
50.0,32180.0,14,18507.0,8.58,0.58,3.0,789,male,Bachelor,RENT,VENTURE,No,1
57.0,52113.0,17,4100.0,18.4,0.08,7.0,494,female,Master,OWN,DEBTCONSOLIDATION,Yes,0
56.0,28768.0,17,3822.0,18.56,0.13,14.0,559,male,High School,MORTGAGE,DEBTCONSOLIDATION,No,0
31.0,45066.0,4,29986.0,16.76,0.67,13.0,523,female,High School,MORTGAGE,MEDICAL,No,0
25.0,33089.0,1,26302.0,18.4,0.79,15.0,728,male,Bachelor,OTHER,EDUCATION,Yes,1
44.0,35259.0,11,10478.0,10.23,0.3,6.0,624,male,Bachelor,OWN,PERSONAL,Yes,0
23.0,25338.0,0,28847.0,6.73,1.14,18.0,796,female,Bachelor,OTHER,HOMEIMPROVEMENT,No,1
26.0,110159.0,2,17157.0,18.72,0.16,6.0,413,male,Doctorate,OWN,HOMEIMPROVEMENT,Yes,0
23.0,77229.0,0,1990.0,14.08,0.03,17.0,849,male,Master,RENT,HOMEIMPROVEMENT,No,1
29.0,22954.0,3,20002.0,6.62,0.87,15.0,601,male,Bachelor,OWN,DEBTCONSOLIDATION,Yes,0
54.0,44426.0,16,4864.0,16.86,0.11,13.0,514,male,Doctorate,OTHER,EDUCATION,No,1
47.0,42821.0,12,11143.0,10.5,0.26,6.0,773,male,High School,OTHER,HOMEIMPROVEMENT,No,1
45.0,42384.0,11,25150.0,19.33,0.59,4.0,755,female,Bachelor,MORTGAGE,HOMEIMPROVEMENT,Yes,0
59.0,29044.0,18,29614.0,19.78,1.02,4.0,768,female,Bachelor,OTHER,EDUCATION,Yes,0
40.0,87308.0,9,20919.0,14.44,0.24,17.0,574,male,Doctorate,RENT,PERSONAL,No,1
22.0,49122.0,0,9728.0,18.71,0.2,6.0,841,female,Master,RENT,DEBTCONSOLIDATION,Yes,1
27.0,75665.0,2,29468.0,11.0,0.39,6.0,430,female,Associate,OTHER,HOMEIMPROVEMENT,No,0
31.0,77915.0,4,1420.0,9.85,0.02,6.0,502,male,High School,RENT,HOMEIMPROVEMENT,Yes,0
47.0,119100.0,12,22938.0,16.22,0.19,13.0,526,female,Doctorate,OWN,DEBTCONSOLIDATION,No,1
34.0,24163.0,6,21033.0,13.82,0.87,15.0,473,female,Master,OTHER,PERSONAL,No,0
33.0,142814.0,5,18231.0,6.35,0.13,3.0,471,male,Master,RENT,PERSONAL,Yes,0
25.0,112917.0,1,8490.0,10.88,0.08,6.0,847,female,Doctorate,OTHER,EDUCATION,No,1
48.0,79741.0,13,16638.0,6.12,0.21,7.0,724,female,Associate,OWN,DEBTCONSOLIDATION,Yes,0
21.0,197165.0,0,8007.0,10.33,0.04,15.0,708,female,Master,RENT,PERSONAL,No,0
38.0,66336.0,8,1286.0,12.55,0.02,11.0,645,female,High School,MORTGAGE,MEDICAL,Yes,0
50.0,90286.0,14,22254.0,11.07,0.25,16.0,609,female,Doctorate,OWN,VENTURE,Yes,0
40.0,41390.0,9,23730.0,13.34,0.57,16.0,468,male,Bachelor,MORTGAGE,VENTURE,Yes,0
47.0,105575.0,12,7571.0,6.41,0.07,5.0,621,female,High School,RENT,DEBTCONSOLIDATION,Yes,0
51.0,65115.0,14,12136.0,19.28,0.19,2.0,672,female,Doctorate,OTHER,VENTURE,Yes,0
29.0,47782.0,3,28002.0,8.96,0.59,2.0,739,female,Associate,OTHER,DEBTCONSOLIDATION,No,0
24.0,172555.0,1,4092.0,7.18,0.02,4.0,472,female,Bachelor,MORTGAGE,EDUCATION,No,0
23.0,51411.0,0,27506.0,14.48,0.54,9.0,476,female,Doctorate,MORTGAGE,HOMEIMPROVEMENT,Yes,0
43.0,60140.0,10,16858.0,15.39,0.28,16.0,657,female,Associate,OTHER,MEDICAL,Yes,0
31.0,54250.0,4,16036.0,10.49,0.3,8.0,491,male,High School,OTHER,DEBTCONSOLIDATION,No,1
28.0,41034.0,3,11728.0,18.82,0.29,4.0,554,male,Bachelor,RENT,EDUCATION,Yes,0
49.0,78091.0,13,16728.0,8.16,0.21,13.0,512,male,Associate,MORTGAGE,MEDICAL,Yes,0
52.0,86613.0,15,18569.0,8.41,0.21,4.0,741,male,Doctorate,OWN,HOMEIMPROVEMENT,Yes,0
58.0,71481.0,18,1776.0,17.81,0.02,6.0,597,male,Associate,RENT,HOMEIMPROVEMENT,No,0
40.0,18393.0,9,1483.0,12.29,0.08,16.0,622,male,Master,MORTGAGE,EDUCATION,Yes,0
41.0,99111.0,9,25255.0,13.84,0.25,2.0,471,female,Bachelor,RENT,HOMEIMPROVEMENT,No,1
59.0,50256.0,18,5784.0,16.75,0.12,5.0,770,male,Doctorate,RENT,EDUCATION,No,1
40.0,32593.0,9,28260.0,12.66,0.87,13.0,798,female,High School,OWN,MEDICAL,No,1
28.0,80954.0,3,16655.0,18.47,0.21,12.0,558,female,High School,MORTGAGE,DEBTCONSOLIDATION,No,1
30.0,79334.0,4,8825.0,9.13,0.11,4.0,581,male,Doctorate,OWN,VENTURE,No,0
58.0,35542.0,18,18687.0,12.85,0.53,8.0,582,female,High School,MORTGAGE,HOMEIMPROVEMENT,Yes,0
22.0,206121.0,0,11002.0,8.38,0.05,8.0,400,female,High School,OTHER,VENTURE,Yes,0
52.0,32702.0,15,3384.0,9.33,0.1,3.0,522,male,Bachelor,OWN,DEBTCONSOLIDATION,No,0
46.0,25172.0,12,28085.0,14.59,1.12,6.0,718,female,Doctorate,MORTGAGE,VENTURE,No,1
39.0,33621.0,8,19454.0,14.43,0.58,17.0,712,male,Associate,OWN,DEBTCONSOLIDATION,No,1
53.0,121832.0,15,28268.0,11.34,0.23,2.0,767,male,Associate,OTHER,HOMEIMPROVEMENT,Yes,0
52.0,54834.0,15,25395.0,6.13,0.46,7.0,817,female,Doctorate,OTHER,VENTURE,Yes,0
38.0,49711.0,8,10281.0,12.28,0.21,13.0,453,male,Doctorate,MORTGAGE,VENTURE,Yes,0
44.0,58042.0,11,9316.0,9.78,0.16,9.0,431,female,Master,MORTGAGE,DEBTCONSOLIDATION,No,0
50.0,44431.0,14,20079.0,19.93,0.45,9.0,594,female,High School,OTHER,EDUCATION,Yes,0
46.0,42399.0,12,16118.0,14.1,0.38,15.0,662,female,Bachelor,MORTGAGE,DEBTCONSOLIDATION,No,0
39.0,43451.0,8,3034.0,18.4,0.07,11.0,590,male,Associate,OWN,PERSONAL,Yes,0
56.0,85304.0,17,27277.0,15.68,0.32,16.0,640,male,Bachelor,OWN,VENTURE,Yes,0
55.0,99731.0,16,16573.0,7.28,0.17,9.0,407,female,High School,OTHER,DEBTCONSOLIDATION,No,0
23.0,35329.0,0,21385.0,12.87,0.61,4.0,778,female,Doctorate,MORTGAGE,HOMEIMPROVEMENT,No,0
42.0,67482.0,10,28103.0,19.3,0.42,16.0,791,female,Master,MORTGAGE,EDUCATION,No,0
53.0,88797.0,15,6994.0,13.44,0.08,7.0,614,female,Bachelor,OTHER,VENTURE,No,0
24.0,34861.0,1,28321.0,7.98,0.81,3.0,601,male,Master,MORTGAGE,HOMEIMPROVEMENT,Yes,0
35.0,46570.0,6,29028.0,16.67,0.62,16.0,683,female,High School,MORTGAGE,DEBTCONSOLIDATION,No,0
40.0,35631.0,9,18289.0,16.89,0.51,18.0,648,female,Doctorate,OTHER,DEBTCONSOLIDATION,No,1
33.0,31398.0,5,10920.0,16.28,0.35,13.0,534,male,Associate,OTHER,VENTURE,Yes,0
48.0,63003.0,13,19665.0,15.25,0.31,15.0,682,male,High School,MORTGAGE,PERSONAL,No,0
59.0,41437.0,18,24901.0,17.91,0.6,5.0,677,female,Bachelor,MORTGAGE,PERSONAL,No,0
35.0,82089.0,6,3925.0,12.02,0.05,14.0,815,male,Bachelor,OWN,PERSONAL,No,1
51.0,59000.0,14,14123.0,10.76,0.24,17.0,769,male,Associate,RENT,EDUCATION,Yes,0
25.0,73594.0,1,4064.0,18.54,0.06,5.0,406,female,Associate,OTHER,DEBTCONSOLIDATION,Yes,0
39.0,51733.0,8,23903.0,7.2,0.46,11.0,453,male,Bachelor,RENT,VENTURE,No,0
21.0,43586.0,0,16556.0,19.57,0.38,19.0,706,female,High School,OWN,MEDICAL,Yes,0
37.0,57220.0,7,27706.0,8.5,0.48,13.0,702,female,Master,RENT,DEBTCONSOLIDATION,Yes,1
21.0,59725.0,0,15107.0,10.68,0.25,4.0,628,male,Doctorate,OWN,VENTURE,Yes,0
55.0,42069.0,16,27178.0,17.23,0.65,12.0,452,male,Master,RENT,HOMEIMPROVEMENT,No,0
58.0,74109.0,18,23944.0,7.75,0.32,6.0,665,male,Bachelor,OTHER,EDUCATION,No,1
24.0,86968.0,1,24333.0,11.22,0.28,4.0,751,female,Associate,RENT,VENTURE,No,1
52.0,64799.0,15,22136.0,15.08,0.34,18.0,617,female,Master,OWN,EDUCATION,Yes,0
48.0,141032.0,13,10366.0,10.63,0.07,3.0,634,female,Doctorate,OTHER,EDUCATION,No,1
32.0,43644.0,5,7712.0,17.83,0.18,9.0,737,female,High School,RENT,PERSONAL,Yes,0
51.0,77676.0,14,27466.0,10.12,0.35,9.0,673,male,Bachelor,OTHER,MEDICAL,Yes,0
58.0,48807.0,18,27143.0,14.26,0.56,9.0,498,male,Associate,OWN,VENTURE,No,0
52.0,67327.0,15,5446.0,10.94,0.08,6.0,579,female,Bachelor,RENT,MEDICAL,No,0
48.0,39538.0,13,6158.0,7.54,0.16,8.0,829,male,Associate,OWN,VENTURE,Yes,1
33.0,104565.0,5,8545.0,9.9,0.08,18.0,616,male,High School,RENT,VENTURE,No,0
44.0,65383.0,11,2495.0,17.43,0.04,11.0,758,female,Doctorate,MORTGAGE,MEDICAL,No,1
52.0,108676.0,15,19744.0,10.44,0.18,16.0,479,female,Doctorate,OWN,MEDICAL,No,0
48.0,31791.0,13,27790.0,10.83,0.87,9.0,498,male,Bachelor,RENT,EDUCATION,No,1
29.0,46781.0,3,22697.0,18.44,0.49,19.0,768,male,High School,OWN,VENTURE,No,0
37.0,38320.0,7,4684.0,18.82,0.12,8.0,472,female,Associate,OTHER,DEBTCONSOLIDATION,No,0
35.0,45891.0,6,2459.0,14.04,0.05,6.0,510,male,Associate,OTHER,EDUCATION,Yes,0
48.0,42349.0,13,27141.0,7.55,0.64,2.0,539,male,Bachelor,OWN,MEDICAL,Yes,0
37.0,56372.0,7,8797.0,9.63,0.16,8.0,671,male,Master,OWN,VENTURE,Yes,0
37.0,59360.0,7,24388.0,17.08,0.41,8.0,757,male,Associate,RENT,HOMEIMPROVEMENT,Yes,0
42.0,58660.0,10,11701.0,11.31,0.2,14.0,708,male,Master,OTHER,DEBTCONSOLIDATION,No,1
43.0,45353.0,10,23614.0,18.99,0.52,11.0,664,female,High School,OTHER,VENTURE,Yes,0
25.0,65756.0,1,25570.0,11.31,0.39,8.0,533,male,High School,OTHER,VENTURE,No,0
57.0,92763.0,17,26418.0,19.82,0.28,4.0,527,male,Doctorate,OWN,MEDICAL,Yes,0
36.0,38134.0,7,1055.0,15.18,0.03,12.0,454,female,Doctorate,OWN,MEDICAL,No,0
27.0,59901.0,2,9544.0,9.9,0.16,16.0,714,male,Master,MORTGAGE,PERSONAL,Yes,0
21.0,57697.0,0,26809.0,13.66,0.46,18.0,471,female,Doctorate,OTHER,HOMEIMPROVEMENT,Yes,0
37.0,75673.0,7,18201.0,17.2,0.24,15.0,653,female,Doctorate,OTHER,PERSONAL,Yes,0
50.0,57993.0,14,10707.0,9.47,0.18,18.0,464,female,Doctorate,OWN,MEDICAL,No,0
32.0,59407.0,5,27216.0,10.13,0.46,13.0,743,female,Associate,OTHER,DEBTCONSOLIDATION,No,0
54.0,36478.0,16,18880.0,11.83,0.52,6.0,614,female,Master,OTHER,HOMEIMPROVEMENT,Yes,0
28.0,60527.0,3,1724.0,11.08,0.03,15.0,726,male,Doctorate,OWN,HOMEIMPROVEMENT,Yes,0
26.0,37762.0,2,28137.0,19.15,0.75,3.0,554,female,Bachelor,MORTGAGE,MEDICAL,Yes,0
36.0,77486.0,7,24649.0,15.06,0.32,2.0,491,male,Master,OTHER,DEBTCONSOLIDATION,Yes,0
48.0,56862.0,13,2786.0,14.26,0.05,14.0,466,female,Doctorate,OWN,EDUCATION,No,0
32.0,61079.0,5,29315.0,19.25,0.48,18.0,720,male,Doctorate,OTHER,DEBTCONSOLIDATION,No,1
53.0,38346.0,15,16812.0,11.63,0.44,14.0,801,female,Master,RENT,VENTURE,Yes,1
21.0,89490.0,0,28629.0,15.61,0.32,15.0,445,male,Doctorate,OTHER,HOMEIMPROVEMENT,No,0
59.0,84640.0,18,7444.0,8.36,0.09,5.0,515,male,Doctorate,OWN,PERSONAL,No,0
22.0,92112.0,0,4606.0,17.67,0.05,3.0,641,female,Bachelor,RENT,HOMEIMPROVEMENT,Yes,0
53.0,182352.0,15,21365.0,10.59,0.12,9.0,400,female,Master,RENT,VENTURE,No,0
21.0,58322.0,0,3704.0,12.69,0.06,10.0,652,male,Master,OWN,HOMEIMPROVEMENT,Yes,1
37.0,109284.0,7,24716.0,6.38,0.23,10.0,541,female,High School,MORTGAGE,PERSONAL,No,0
33.0,56280.0,5,9608.0,8.06,0.17,12.0,654,female,High School,OTHER,PERSONAL,No,0
59.0,72915.0,18,8141.0,17.4,0.11,13.0,515,female,Associate,RENT,PERSONAL,No,1
46.0,71874.0,12,18695.0,15.46,0.26,3.0,457,female,Master,RENT,VENTURE,Yes,0
58.0,68343.0,18,25936.0,6.07,0.38,17.0,578,female,Master,MORTGAGE,VENTURE,Yes,0
37.0,83210.0,7,24270.0,16.66,0.29,19.0,412,male,Bachelor,OWN,DEBTCONSOLIDATION,Yes,0
40.0,51433.0,9,6144.0,14.78,0.12,17.0,506,female,Doctorate,MORTGAGE,HOMEIMPROVEMENT,Yes,0
40.0,61112.0,9,23315.0,19.27,0.38,11.0,696,male,Bachelor,RENT,EDUCATION,No,1
50.0,78249.0,14,14922.0,19.03,0.19,4.0,552,male,Master,OWN,EDUCATION,Yes,0
40.0,143477.0,9,19335.0,11.9,0.13,14.0,498,male,Bachelor,MORTGAGE,PERSONAL,Yes,0
56.0,39294.0,17,4807.0,7.56,0.12,15.0,650,male,Bachelor,OTHER,VENTURE,Yes,0
28.0,24268.0,3,14655.0,11.87,0.6,19.0,496,male,Bachelor,OWN,EDUCATION,No,0
39.0,47003.0,8,9917.0,11.56,0.21,11.0,430,female,High School,OTHER,EDUCATION,Yes,0
30.0,62628.0,4,8169.0,13.0,0.13,2.0,578,male,Associate,OTHER,MEDICAL,Yes,0
54.0,65348.0,16,11849.0,9.49,0.18,15.0,430,male,Bachelor,RENT,MEDICAL,No,0
26.0,62700.0,2,3613.0,10.57,0.06,4.0,808,male,Master,OTHER,VENTURE,No,1
48.0,108163.0,13,21162.0,6.9,0.2,3.0,514,female,Associate,RENT,PERSONAL,No,0
56.0,97541.0,17,21379.0,16.53,0.22,3.0,692,female,Master,MORTGAGE,HOMEIMPROVEMENT,No,0
32.0,58417.0,5,10188.0,9.91,0.17,6.0,598,male,Bachelor,MORTGAGE,HOMEIMPROVEMENT,No,0
31.0,47345.0,4,20271.0,15.53,0.43,12.0,640,female,High School,OTHER,VENTURE,No,0
50.0,50362.0,14,16360.0,9.87,0.32,7.0,637,female,Bachelor,MORTGAGE,VENTURE,Yes,0
44.0,50104.0,11,18574.0,17.78,0.37,3.0,768,female,High School,OTHER,MEDICAL,Yes,0
43.0,53487.0,10,19888.0,9.34,0.37,7.0,536,male,Master,MORTGAGE,HOMEIMPROVEMENT,No,0
55.0,27274.0,16,20395.0,7.69,0.75,18.0,596,male,Doctorate,RENT,EDUCATION,No,1
24.0,47547.0,1,23786.0,16.93,0.5,13.0,412,male,Doctorate,RENT,VENTURE,Yes,0
31.0,48415.0,4,18455.0,9.19,0.38,11.0,498,female,Associate,OTHER,VENTURE,No,0
36.0,54478.0,7,9512.0,8.44,0.17,13.0,798,male,High School,MORTGAGE,DEBTCONSOLIDATION,Yes,1
56.0,52725.0,17,27464.0,13.99,0.52,2.0,583,male,Bachelor,MORTGAGE,PERSONAL,Yes,0
23.0,83785.0,0,2634.0,6.87,0.03,10.0,528,female,Bachelor,OTHER,EDUCATION,No,0
38.0,45891.0,8,19084.0,13.82,0.42,6.0,776,female,Bachelor,OWN,MEDICAL,No,1
39.0,48084.0,8,7874.0,6.26,0.16,5.0,625,male,Master,MORTGAGE,PERSONAL,Yes,0
21.0,78509.0,0,5618.0,12.0,0.07,18.0,687,female,High School,OWN,DEBTCONSOLIDATION,Yes,1
37.0,53228.0,7,16832.0,11.81,0.32,19.0,443,female,Associate,OTHER,EDUCATION,No,0
46.0,66718.0,12,16675.0,7.2,0.25,16.0,711,female,Master,OWN,VENTURE,Yes,1
37.0,83673.0,7,26452.0,7.15,0.32,8.0,464,female,Master,OWN,EDUCATION,Yes,0
32.0,73938.0,5,19941.0,14.22,0.27,10.0,431,male,Associate,OTHER,HOMEIMPROVEMENT,Yes,0
43.0,67852.0,10,20068.0,6.06,0.3,17.0,703,male,High School,RENT,MEDICAL,Yes,0
59.0,54273.0,18,15978.0,16.24,0.29,18.0,820,male,Associate,OWN,EDUCATION,No,1
25.0,84200.0,1,18611.0,11.16,0.22,4.0,507,male,High School,OTHER,EDUCATION,No,0
32.0,65367.0,5,17917.0,9.68,0.27,8.0,793,female,Bachelor,MORTGAGE,EDUCATION,No,1
57.0,46517.0,17,1921.0,19.31,0.04,12.0,675,male,Bachelor,RENT,HOMEIMPROVEMENT,No,0
32.0,55525.0,5,19871.0,6.31,0.36,4.0,401,male,High School,OTHER,DEBTCONSOLIDATION,No,0
47.0,32563.0,12,15443.0,14.78,0.47,6.0,636,female,High School,RENT,DEBTCONSOLIDATION,No,0
34.0,37020.0,6,26241.0,6.25,0.71,15.0,688,male,Associate,OTHER,PERSONAL,Yes,1
53.0,23355.0,15,10596.0,11.35,0.45,15.0,639,female,Master,OTHER,HOMEIMPROVEMENT,No,1
